"sp_1";"site_1";"sp_2";"site_2";"interaction_type";"apparent_interaction_value"
"Abelia grandiflora";"Fitzroy-Treasury Gardens";"Abelia grandiflora";"Fitzroy-Treasury Gardens";"Pollination";6
"Abelia grandiflora";"Fitzroy-Treasury Gardens";"Agapanthus praecox";"Carlton Gardens South";"Pollination";3,72556988523794
"Abelia grandiflora";"Fitzroy-Treasury Gardens";"Agapanthus praecox";"Fitzroy-Treasury Gardens";"Pollination";6
"Abelia grandiflora";"Fitzroy-Treasury Gardens";"Calodendrum capense ";"Royal Park";"Pollination";1,84654928787709
"Abelia grandiflora";"Fitzroy-Treasury Gardens";"Canna generalis";"Fitzroy-Treasury Gardens";"Pollination";3
"Abelia grandiflora";"Fitzroy-Treasury Gardens";"Canna indica";"Carlton Gardens South";"Pollination";7,45113977047587
"Abelia grandiflora";"Fitzroy-Treasury Gardens";"Cistus sp.";"Women's Peace Gardens";"Pollination";0,778136144443198
"Abelia grandiflora";"Fitzroy-Treasury Gardens";"Corymbia maculata";"Royal Park";"Pollination";0,923274643938544
"Abelia grandiflora";"Fitzroy-Treasury Gardens";"Cynodon dactylon01";"Argyle Square";"Pollination";2,45588875182236
"Abelia grandiflora";"Fitzroy-Treasury Gardens";"Cynodon dactylon20";"Princes Park";"Pollination";1,90243355388584
"Abelia grandiflora";"Fitzroy-Treasury Gardens";"Cynodon dactylon23";"Princes Park";"Pollination";1,90243355388584
"Abelia grandiflora";"Fitzroy-Treasury Gardens";"Echium candicans";"Carlton Gardens South";"Pollination";7,45113977047587
"Abelia grandiflora";"Fitzroy-Treasury Gardens";"Kunzea leptospermoides";"Westgate Park";"Pollination";0,147252812978954
"Abelia grandiflora";"Fitzroy-Treasury Gardens";"Lavandula sp.";"Carlton Gardens South";"Pollination";7,45113977047587
"Abelia grandiflora";"Fitzroy-Treasury Gardens";"Lavandula sp.";"Women's Peace Gardens";"Pollination";0,778136144443198
"Abelia grandiflora";"Fitzroy-Treasury Gardens";"Lophostemon confertus";"Fitzroy-Treasury Gardens";"Pollination";6
"Abelia grandiflora";"Fitzroy-Treasury Gardens";"Lophostemon confertus";"Princes Park";"Pollination";1,90243355388584
"Abelia grandiflora";"Fitzroy-Treasury Gardens";"Mentha pulegium";"Argyle Square";"Pollination";2,45588875182236
"Abelia grandiflora";"Fitzroy-Treasury Gardens";"Plectranthus argentatus";"Fitzroy-Treasury Gardens";"Pollination";6
"Abelia grandiflora";"Fitzroy-Treasury Gardens";"Rosmarinus officinalis";"Argyle Square";"Pollination";2,45588875182236
"Abelia grandiflora";"Fitzroy-Treasury Gardens";"Rosmarinus officinalis";"Women's Peace Gardens";"Pollination";0,778136144443198
"Abelia grandiflora";"Fitzroy-Treasury Gardens";"Salvia leucantha";"Carlton Gardens South";"Pollination";7,45113977047587
"Abelia grandiflora";"Fitzroy-Treasury Gardens";"Stachys byzantina";"Carlton Gardens South";"Pollination";3,72556988523794
"Abelia grandiflora";"Fitzroy-Treasury Gardens";"Trachelospermum jasminoides";"Lincoln Square";"Pollination";0,785464468617996
"Acacia acinacea";"Royal Park";"Acacia acinacea";"Royal Park";"Pollination";1
"Acacia verniciflua";"Royal Park";"Acacia verniciflua";"Royal Park";"Pollination";1
"Agapanthus praecox";"Carlton Gardens South";"Abelia grandiflora";"Fitzroy-Treasury Gardens";"Pollination";5,5883548278569
"Agapanthus praecox";"Carlton Gardens South";"Agapanthus praecox";"Carlton Gardens South";"Pollination";4
"Agapanthus praecox";"Carlton Gardens South";"Agapanthus praecox";"Fitzroy-Treasury Gardens";"Pollination";5,5883548278569
"Agapanthus praecox";"Carlton Gardens South";"Calodendrum capense ";"Royal Park";"Pollination";2,2661792082539
"Agapanthus praecox";"Carlton Gardens South";"Canna generalis";"Fitzroy-Treasury Gardens";"Pollination";2,79417741392845
"Agapanthus praecox";"Carlton Gardens South";"Canna indica";"Carlton Gardens South";"Pollination";8
"Agapanthus praecox";"Carlton Gardens South";"Cistus sp.";"Women's Peace Gardens";"Pollination";1,14070202983066
"Agapanthus praecox";"Carlton Gardens South";"Corymbia maculata";"Royal Park";"Pollination";1,13308960412695
"Agapanthus praecox";"Carlton Gardens South";"Cynodon dactylon01";"Argyle Square";"Pollination";2,89238533138948
"Agapanthus praecox";"Carlton Gardens South";"Cynodon dactylon20";"Princes Park";"Pollination";2,30137041605921
"Agapanthus praecox";"Carlton Gardens South";"Cynodon dactylon23";"Princes Park";"Pollination";2,30137041605921
"Agapanthus praecox";"Carlton Gardens South";"Echium candicans";"Carlton Gardens South";"Pollination";8
"Agapanthus praecox";"Carlton Gardens South";"Kunzea leptospermoides";"Westgate Park";"Pollination";0,171887406078277
"Agapanthus praecox";"Carlton Gardens South";"Lavandula sp.";"Carlton Gardens South";"Pollination";8
"Agapanthus praecox";"Carlton Gardens South";"Lavandula sp.";"Women's Peace Gardens";"Pollination";1,14070202983066
"Agapanthus praecox";"Carlton Gardens South";"Lophostemon confertus";"Fitzroy-Treasury Gardens";"Pollination";5,5883548278569
"Agapanthus praecox";"Carlton Gardens South";"Lophostemon confertus";"Princes Park";"Pollination";2,30137041605921
"Agapanthus praecox";"Carlton Gardens South";"Mentha pulegium";"Argyle Square";"Pollination";2,89238533138948
"Agapanthus praecox";"Carlton Gardens South";"Plectranthus argentatus";"Fitzroy-Treasury Gardens";"Pollination";5,5883548278569
"Agapanthus praecox";"Carlton Gardens South";"Rosmarinus officinalis";"Argyle Square";"Pollination";2,89238533138948
"Agapanthus praecox";"Carlton Gardens South";"Rosmarinus officinalis";"Women's Peace Gardens";"Pollination";1,14070202983066
"Agapanthus praecox";"Carlton Gardens South";"Salvia leucantha";"Carlton Gardens South";"Pollination";8
"Agapanthus praecox";"Carlton Gardens South";"Stachys byzantina";"Carlton Gardens South";"Pollination";4
"Agapanthus praecox";"Carlton Gardens South";"Trachelospermum jasminoides";"Lincoln Square";"Pollination";0,927006840865762
"Agapanthus praecox";"Fitzroy-Treasury Gardens";"Abelia grandiflora";"Fitzroy-Treasury Gardens";"Pollination";6
"Agapanthus praecox";"Fitzroy-Treasury Gardens";"Agapanthus praecox";"Carlton Gardens South";"Pollination";3,72556988523794
"Agapanthus praecox";"Fitzroy-Treasury Gardens";"Agapanthus praecox";"Fitzroy-Treasury Gardens";"Pollination";6
"Agapanthus praecox";"Fitzroy-Treasury Gardens";"Calodendrum capense ";"Royal Park";"Pollination";1,84654928787709
"Agapanthus praecox";"Fitzroy-Treasury Gardens";"Canna generalis";"Fitzroy-Treasury Gardens";"Pollination";3
"Agapanthus praecox";"Fitzroy-Treasury Gardens";"Canna indica";"Carlton Gardens South";"Pollination";7,45113977047587
"Agapanthus praecox";"Fitzroy-Treasury Gardens";"Cistus sp.";"Women's Peace Gardens";"Pollination";0,778136144443198
"Agapanthus praecox";"Fitzroy-Treasury Gardens";"Corymbia maculata";"Royal Park";"Pollination";0,923274643938544
"Agapanthus praecox";"Fitzroy-Treasury Gardens";"Cynodon dactylon01";"Argyle Square";"Pollination";2,45588875182236
"Agapanthus praecox";"Fitzroy-Treasury Gardens";"Cynodon dactylon20";"Princes Park";"Pollination";1,90243355388584
"Agapanthus praecox";"Fitzroy-Treasury Gardens";"Cynodon dactylon23";"Princes Park";"Pollination";1,90243355388584
"Agapanthus praecox";"Fitzroy-Treasury Gardens";"Echium candicans";"Carlton Gardens South";"Pollination";7,45113977047587
"Agapanthus praecox";"Fitzroy-Treasury Gardens";"Kunzea leptospermoides";"Westgate Park";"Pollination";0,147252812978954
"Agapanthus praecox";"Fitzroy-Treasury Gardens";"Lavandula sp.";"Carlton Gardens South";"Pollination";7,45113977047587
"Agapanthus praecox";"Fitzroy-Treasury Gardens";"Lavandula sp.";"Women's Peace Gardens";"Pollination";0,778136144443198
"Agapanthus praecox";"Fitzroy-Treasury Gardens";"Lophostemon confertus";"Fitzroy-Treasury Gardens";"Pollination";6
"Agapanthus praecox";"Fitzroy-Treasury Gardens";"Lophostemon confertus";"Princes Park";"Pollination";1,90243355388584
"Agapanthus praecox";"Fitzroy-Treasury Gardens";"Mentha pulegium";"Argyle Square";"Pollination";2,45588875182236
"Agapanthus praecox";"Fitzroy-Treasury Gardens";"Plectranthus argentatus";"Fitzroy-Treasury Gardens";"Pollination";6
"Agapanthus praecox";"Fitzroy-Treasury Gardens";"Rosmarinus officinalis";"Argyle Square";"Pollination";2,45588875182236
"Agapanthus praecox";"Fitzroy-Treasury Gardens";"Rosmarinus officinalis";"Women's Peace Gardens";"Pollination";0,778136144443198
"Agapanthus praecox";"Fitzroy-Treasury Gardens";"Salvia leucantha";"Carlton Gardens South";"Pollination";7,45113977047587
"Agapanthus praecox";"Fitzroy-Treasury Gardens";"Stachys byzantina";"Carlton Gardens South";"Pollination";3,72556988523794
"Agapanthus praecox";"Fitzroy-Treasury Gardens";"Trachelospermum jasminoides";"Lincoln Square";"Pollination";0,785464468617996
"Allocasuarina verticillata";"Westgate Park";"Allocasuarina verticillata";"Westgate Park";"Pollination";1
"Asparagus aethiopicus";"Fitzroy-Treasury Gardens";"Asparagus aethiopicus";"Fitzroy-Treasury Gardens";"Pollination";1
"Asparagus aethiopicus";"Fitzroy-Treasury Gardens";"Lomandra longifolia";"Royal Park";"Pollination";1,84654928787709
"Asparagus aethiopicus";"Fitzroy-Treasury Gardens";"Poa labillardierei";"Royal Park";"Pollination";1,84654928787709
"Asparagus aethiopicus";"Fitzroy-Treasury Gardens";"Rytidosperma sp.";"Westgate Park";"Pollination";0,220879219468431
"Asparagus aethiopicus";"Fitzroy-Treasury Gardens";"Schinus molle";"Pleasance Gardens";"Pollination";0,548073716870397
"Asparagus aethiopicus";"Fitzroy-Treasury Gardens";"Themeda triandra";"Royal Park";"Pollination";1,84654928787709
"Asparagus aethiopicus";"Fitzroy-Treasury Gardens";"Themeda triandra";"Westgate Park";"Pollination";0,441758438936862
"Calodendrum capense ";"Royal Park";"Abelia grandiflora";"Fitzroy-Treasury Gardens";"Pollination";7,38619715150836
"Calodendrum capense ";"Royal Park";"Agapanthus praecox";"Carlton Gardens South";"Pollination";6,04314455534373
"Calodendrum capense ";"Royal Park";"Agapanthus praecox";"Fitzroy-Treasury Gardens";"Pollination";7,38619715150836
"Calodendrum capense ";"Royal Park";"Calodendrum capense ";"Royal Park";"Pollination";8
"Calodendrum capense ";"Royal Park";"Canna generalis";"Fitzroy-Treasury Gardens";"Pollination";3,69309857575418
"Calodendrum capense ";"Royal Park";"Canna indica";"Carlton Gardens South";"Pollination";12,0862891106875
"Calodendrum capense ";"Royal Park";"Cistus sp.";"Women's Peace Gardens";"Pollination";4,65103510149153
"Calodendrum capense ";"Royal Park";"Corymbia maculata";"Royal Park";"Pollination";3
"Calodendrum capense ";"Royal Park";"Cynodon dactylon01";"Argyle Square";"Pollination";4,94791521812269
"Calodendrum capense ";"Royal Park";"Cynodon dactylon20";"Princes Park";"Pollination";6
"Calodendrum capense ";"Royal Park";"Cynodon dactylon23";"Princes Park";"Pollination";6
"Calodendrum capense ";"Royal Park";"Echium candicans";"Carlton Gardens South";"Pollination";12,0862891106875
"Calodendrum capense ";"Royal Park";"Kunzea leptospermoides";"Westgate Park";"Pollination";0,499961870584277
"Calodendrum capense ";"Royal Park";"Lavandula sp.";"Carlton Gardens South";"Pollination";12,0862891106875
"Calodendrum capense ";"Royal Park";"Lavandula sp.";"Women's Peace Gardens";"Pollination";4,65103510149153
"Calodendrum capense ";"Royal Park";"Lophostemon confertus";"Fitzroy-Treasury Gardens";"Pollination";7,38619715150836
"Calodendrum capense ";"Royal Park";"Lophostemon confertus";"Princes Park";"Pollination";6
"Calodendrum capense ";"Royal Park";"Mentha pulegium";"Argyle Square";"Pollination";4,94791521812269
"Calodendrum capense ";"Royal Park";"Plectranthus argentatus";"Fitzroy-Treasury Gardens";"Pollination";7,38619715150836
"Calodendrum capense ";"Royal Park";"Rosmarinus officinalis";"Argyle Square";"Pollination";4,94791521812269
"Calodendrum capense ";"Royal Park";"Rosmarinus officinalis";"Women's Peace Gardens";"Pollination";4,65103510149153
"Calodendrum capense ";"Royal Park";"Salvia leucantha";"Carlton Gardens South";"Pollination";12,0862891106875
"Calodendrum capense ";"Royal Park";"Stachys byzantina";"Carlton Gardens South";"Pollination";6,04314455534373
"Calodendrum capense ";"Royal Park";"Trachelospermum jasminoides";"Lincoln Square";"Pollination";1,69226122387948
"Canna generalis";"Fitzroy-Treasury Gardens";"Abelia grandiflora";"Fitzroy-Treasury Gardens";"Pollination";6
"Canna generalis";"Fitzroy-Treasury Gardens";"Agapanthus praecox";"Carlton Gardens South";"Pollination";3,72556988523794
"Canna generalis";"Fitzroy-Treasury Gardens";"Agapanthus praecox";"Fitzroy-Treasury Gardens";"Pollination";6
"Canna generalis";"Fitzroy-Treasury Gardens";"Calodendrum capense ";"Royal Park";"Pollination";1,84654928787709
"Canna generalis";"Fitzroy-Treasury Gardens";"Canna generalis";"Fitzroy-Treasury Gardens";"Pollination";3
"Canna generalis";"Fitzroy-Treasury Gardens";"Canna indica";"Carlton Gardens South";"Pollination";7,45113977047587
"Canna generalis";"Fitzroy-Treasury Gardens";"Cistus sp.";"Women's Peace Gardens";"Pollination";0,778136144443198
"Canna generalis";"Fitzroy-Treasury Gardens";"Corymbia maculata";"Royal Park";"Pollination";0,923274643938544
"Canna generalis";"Fitzroy-Treasury Gardens";"Cynodon dactylon01";"Argyle Square";"Pollination";2,45588875182236
"Canna generalis";"Fitzroy-Treasury Gardens";"Cynodon dactylon20";"Princes Park";"Pollination";1,90243355388584
"Canna generalis";"Fitzroy-Treasury Gardens";"Cynodon dactylon23";"Princes Park";"Pollination";1,90243355388584
"Canna generalis";"Fitzroy-Treasury Gardens";"Echium candicans";"Carlton Gardens South";"Pollination";7,45113977047587
"Canna generalis";"Fitzroy-Treasury Gardens";"Kunzea leptospermoides";"Westgate Park";"Pollination";0,147252812978954
"Canna generalis";"Fitzroy-Treasury Gardens";"Lavandula sp.";"Carlton Gardens South";"Pollination";7,45113977047587
"Canna generalis";"Fitzroy-Treasury Gardens";"Lavandula sp.";"Women's Peace Gardens";"Pollination";0,778136144443198
"Canna generalis";"Fitzroy-Treasury Gardens";"Lophostemon confertus";"Fitzroy-Treasury Gardens";"Pollination";6
"Canna generalis";"Fitzroy-Treasury Gardens";"Lophostemon confertus";"Princes Park";"Pollination";1,90243355388584
"Canna generalis";"Fitzroy-Treasury Gardens";"Mentha pulegium";"Argyle Square";"Pollination";2,45588875182236
"Canna generalis";"Fitzroy-Treasury Gardens";"Plectranthus argentatus";"Fitzroy-Treasury Gardens";"Pollination";6
"Canna generalis";"Fitzroy-Treasury Gardens";"Rosmarinus officinalis";"Argyle Square";"Pollination";2,45588875182236
"Canna generalis";"Fitzroy-Treasury Gardens";"Rosmarinus officinalis";"Women's Peace Gardens";"Pollination";0,778136144443198
"Canna generalis";"Fitzroy-Treasury Gardens";"Salvia leucantha";"Carlton Gardens South";"Pollination";7,45113977047587
"Canna generalis";"Fitzroy-Treasury Gardens";"Stachys byzantina";"Carlton Gardens South";"Pollination";3,72556988523794
"Canna generalis";"Fitzroy-Treasury Gardens";"Trachelospermum jasminoides";"Lincoln Square";"Pollination";0,785464468617996
"Canna indica";"Carlton Gardens South";"Abelia grandiflora";"Fitzroy-Treasury Gardens";"Pollination";5,5883548278569
"Canna indica";"Carlton Gardens South";"Agapanthus praecox";"Carlton Gardens South";"Pollination";4
"Canna indica";"Carlton Gardens South";"Agapanthus praecox";"Fitzroy-Treasury Gardens";"Pollination";5,5883548278569
"Canna indica";"Carlton Gardens South";"Calodendrum capense ";"Royal Park";"Pollination";2,2661792082539
"Canna indica";"Carlton Gardens South";"Canna generalis";"Fitzroy-Treasury Gardens";"Pollination";2,79417741392845
"Canna indica";"Carlton Gardens South";"Canna indica";"Carlton Gardens South";"Pollination";8
"Canna indica";"Carlton Gardens South";"Cistus sp.";"Women's Peace Gardens";"Pollination";1,14070202983066
"Canna indica";"Carlton Gardens South";"Corymbia maculata";"Royal Park";"Pollination";1,13308960412695
"Canna indica";"Carlton Gardens South";"Cynodon dactylon01";"Argyle Square";"Pollination";2,89238533138948
"Canna indica";"Carlton Gardens South";"Cynodon dactylon20";"Princes Park";"Pollination";2,30137041605921
"Canna indica";"Carlton Gardens South";"Cynodon dactylon23";"Princes Park";"Pollination";2,30137041605921
"Canna indica";"Carlton Gardens South";"Echium candicans";"Carlton Gardens South";"Pollination";8
"Canna indica";"Carlton Gardens South";"Kunzea leptospermoides";"Westgate Park";"Pollination";0,171887406078277
"Canna indica";"Carlton Gardens South";"Lavandula sp.";"Carlton Gardens South";"Pollination";8
"Canna indica";"Carlton Gardens South";"Lavandula sp.";"Women's Peace Gardens";"Pollination";1,14070202983066
"Canna indica";"Carlton Gardens South";"Lophostemon confertus";"Fitzroy-Treasury Gardens";"Pollination";5,5883548278569
"Canna indica";"Carlton Gardens South";"Lophostemon confertus";"Princes Park";"Pollination";2,30137041605921
"Canna indica";"Carlton Gardens South";"Mentha pulegium";"Argyle Square";"Pollination";2,89238533138948
"Canna indica";"Carlton Gardens South";"Plectranthus argentatus";"Fitzroy-Treasury Gardens";"Pollination";5,5883548278569
"Canna indica";"Carlton Gardens South";"Rosmarinus officinalis";"Argyle Square";"Pollination";2,89238533138948
"Canna indica";"Carlton Gardens South";"Rosmarinus officinalis";"Women's Peace Gardens";"Pollination";1,14070202983066
"Canna indica";"Carlton Gardens South";"Salvia leucantha";"Carlton Gardens South";"Pollination";8
"Canna indica";"Carlton Gardens South";"Stachys byzantina";"Carlton Gardens South";"Pollination";4
"Canna indica";"Carlton Gardens South";"Trachelospermum jasminoides";"Lincoln Square";"Pollination";0,927006840865762
"Carex flagellifera";"Fitzroy-Treasury Gardens";"Carex flagellifera";"Fitzroy-Treasury Gardens";"Pollination";3
"Carex flagellifera";"Fitzroy-Treasury Gardens";"Ficus macrophylla";"Fitzroy-Treasury Gardens";"Pollination";3
"Carex flagellifera";"Fitzroy-Treasury Gardens";"Ficus macrophylla";"Lincoln Square";"Pollination";0,785464468617996
"Carex flagellifera";"Fitzroy-Treasury Gardens";"Nandina domestica";"Fitzroy-Treasury Gardens";"Pollination";3
"Cistus sp.";"Women's Peace Gardens";"Abelia grandiflora";"Fitzroy-Treasury Gardens";"Pollination";1,5562722888864
"Cistus sp.";"Women's Peace Gardens";"Agapanthus praecox";"Carlton Gardens South";"Pollination";1,52093603977421
"Cistus sp.";"Women's Peace Gardens";"Agapanthus praecox";"Fitzroy-Treasury Gardens";"Pollination";1,5562722888864
"Cistus sp.";"Women's Peace Gardens";"Calodendrum capense ";"Royal Park";"Pollination";2,32551755074577
"Cistus sp.";"Women's Peace Gardens";"Canna generalis";"Fitzroy-Treasury Gardens";"Pollination";0,778136144443198
"Cistus sp.";"Women's Peace Gardens";"Canna indica";"Carlton Gardens South";"Pollination";3,04187207954843
"Cistus sp.";"Women's Peace Gardens";"Cistus sp.";"Women's Peace Gardens";"Pollination";3
"Cistus sp.";"Women's Peace Gardens";"Corymbia maculata";"Royal Park";"Pollination";1,16275877537288
"Cistus sp.";"Women's Peace Gardens";"Cynodon dactylon01";"Argyle Square";"Pollination";1,33967926432657
"Cistus sp.";"Women's Peace Gardens";"Cynodon dactylon20";"Princes Park";"Pollination";1,6714590108781
"Cistus sp.";"Women's Peace Gardens";"Cynodon dactylon23";"Princes Park";"Pollination";1,6714590108781
"Cistus sp.";"Women's Peace Gardens";"Echium candicans";"Carlton Gardens South";"Pollination";3,04187207954843
"Cistus sp.";"Women's Peace Gardens";"Kunzea leptospermoides";"Westgate Park";"Pollination";0,367551119584315
"Cistus sp.";"Women's Peace Gardens";"Lavandula sp.";"Carlton Gardens South";"Pollination";3,04187207954843
"Cistus sp.";"Women's Peace Gardens";"Lavandula sp.";"Women's Peace Gardens";"Pollination";3
"Cistus sp.";"Women's Peace Gardens";"Lophostemon confertus";"Fitzroy-Treasury Gardens";"Pollination";1,5562722888864
"Cistus sp.";"Women's Peace Gardens";"Lophostemon confertus";"Princes Park";"Pollination";1,6714590108781
"Cistus sp.";"Women's Peace Gardens";"Mentha pulegium";"Argyle Square";"Pollination";1,33967926432657
"Cistus sp.";"Women's Peace Gardens";"Plectranthus argentatus";"Fitzroy-Treasury Gardens";"Pollination";1,5562722888864
"Cistus sp.";"Women's Peace Gardens";"Rosmarinus officinalis";"Argyle Square";"Pollination";1,33967926432657
"Cistus sp.";"Women's Peace Gardens";"Rosmarinus officinalis";"Women's Peace Gardens";"Pollination";3
"Cistus sp.";"Women's Peace Gardens";"Salvia leucantha";"Carlton Gardens South";"Pollination";3,04187207954843
"Cistus sp.";"Women's Peace Gardens";"Stachys byzantina";"Carlton Gardens South";"Pollination";1,52093603977421
"Cistus sp.";"Women's Peace Gardens";"Trachelospermum jasminoides";"Lincoln Square";"Pollination";0,485040559231431
"Correa glabra";"Westgate Park";"Correa glabra";"Westgate Park";"Pollination";1
"Corymbia maculata";"Royal Park";"Abelia grandiflora";"Fitzroy-Treasury Gardens";"Pollination";5,53964786363127
"Corymbia maculata";"Royal Park";"Agapanthus praecox";"Carlton Gardens South";"Pollination";4,53235841650779
"Corymbia maculata";"Royal Park";"Agapanthus praecox";"Fitzroy-Treasury Gardens";"Pollination";5,53964786363127
"Corymbia maculata";"Royal Park";"Calodendrum capense ";"Royal Park";"Pollination";4,5
"Corymbia maculata";"Royal Park";"Canna generalis";"Fitzroy-Treasury Gardens";"Pollination";2,76982393181563
"Corymbia maculata";"Royal Park";"Canna indica";"Carlton Gardens South";"Pollination";9,06471683301559
"Corymbia maculata";"Royal Park";"Cistus sp.";"Women's Peace Gardens";"Pollination";3,48827632611865
"Corymbia maculata";"Royal Park";"Corymbia maculata";"Royal Park";"Pollination";5,25
"Corymbia maculata";"Royal Park";"Cynodon dactylon01";"Argyle Square";"Pollination";3,71093641359202
"Corymbia maculata";"Royal Park";"Cynodon dactylon04";"Carlton Gardens South";"Pollination";2,2661792082539
"Corymbia maculata";"Royal Park";"Cynodon dactylon16";"Murchinson Square";"Pollination";2,34901872827184
"Corymbia maculata";"Royal Park";"Cynodon dactylon20";"Princes Park";"Pollination";4,5
"Corymbia maculata";"Royal Park";"Cynodon dactylon23";"Princes Park";"Pollination";4,5
"Corymbia maculata";"Royal Park";"Duma florulenta";"Westgate Park";"Pollination";0,749942805876416
"Corymbia maculata";"Royal Park";"Echium candicans";"Carlton Gardens South";"Pollination";9,06471683301559
"Corymbia maculata";"Royal Park";"Kunzea leptospermoides";"Westgate Park";"Pollination";0,374971402938208
"Corymbia maculata";"Royal Park";"Lavandula sp.";"Carlton Gardens South";"Pollination";9,06471683301559
"Corymbia maculata";"Royal Park";"Lavandula sp.";"Women's Peace Gardens";"Pollination";3,48827632611865
"Corymbia maculata";"Royal Park";"Lophostemon confertus";"Fitzroy-Treasury Gardens";"Pollination";5,53964786363127
"Corymbia maculata";"Royal Park";"Lophostemon confertus";"Princes Park";"Pollination";4,5
"Corymbia maculata";"Royal Park";"Mentha pulegium";"Argyle Square";"Pollination";3,71093641359202
"Corymbia maculata";"Royal Park";"Plectranthus argentatus";"Fitzroy-Treasury Gardens";"Pollination";5,53964786363127
"Corymbia maculata";"Royal Park";"Rosmarinus officinalis";"Argyle Square";"Pollination";3,71093641359202
"Corymbia maculata";"Royal Park";"Rosmarinus officinalis";"Women's Peace Gardens";"Pollination";3,48827632611865
"Corymbia maculata";"Royal Park";"Salvia leucantha";"Carlton Gardens South";"Pollination";9,06471683301559
"Corymbia maculata";"Royal Park";"Schinus molle";"Women's Peace Gardens";"Pollination";2,32551755074577
"Corymbia maculata";"Royal Park";"Stachys byzantina";"Carlton Gardens South";"Pollination";4,53235841650779
"Corymbia maculata";"Royal Park";"Trachelospermum jasminoides";"Lincoln Square";"Pollination";1,26919591790961
"Corymbia maculata";"Royal Park";"Westringia fruticosa";"State Library of Victoria";"Pollination";2,19129752158798
"Cynodon dactylon01";"Argyle Square";"Abelia grandiflora";"Fitzroy-Treasury Gardens";"Pollination";4,91177750364472
"Cynodon dactylon01";"Argyle Square";"Agapanthus praecox";"Carlton Gardens South";"Pollination";3,85651377518597
"Cynodon dactylon01";"Argyle Square";"Agapanthus praecox";"Fitzroy-Treasury Gardens";"Pollination";4,91177750364472
"Cynodon dactylon01";"Argyle Square";"Calodendrum capense ";"Royal Park";"Pollination";2,47395760906134
"Cynodon dactylon01";"Argyle Square";"Canna generalis";"Fitzroy-Treasury Gardens";"Pollination";2,45588875182236
"Cynodon dactylon01";"Argyle Square";"Canna indica";"Carlton Gardens South";"Pollination";7,71302755037195
"Cynodon dactylon01";"Argyle Square";"Cistus sp.";"Women's Peace Gardens";"Pollination";1,33967926432657
"Cynodon dactylon01";"Argyle Square";"Corymbia maculata";"Royal Park";"Pollination";1,23697880453067
"Cynodon dactylon01";"Argyle Square";"Cynodon dactylon01";"Argyle Square";"Pollination";3
"Cynodon dactylon01";"Argyle Square";"Cynodon dactylon20";"Princes Park";"Pollination";2,49365481664237
"Cynodon dactylon01";"Argyle Square";"Cynodon dactylon23";"Princes Park";"Pollination";2,49365481664237
"Cynodon dactylon01";"Argyle Square";"Echium candicans";"Carlton Gardens South";"Pollination";7,71302755037195
"Cynodon dactylon01";"Argyle Square";"Kunzea leptospermoides";"Westgate Park";"Pollination";0,185217748869201
"Cynodon dactylon01";"Argyle Square";"Lavandula sp.";"Carlton Gardens South";"Pollination";7,71302755037195
"Cynodon dactylon01";"Argyle Square";"Lavandula sp.";"Women's Peace Gardens";"Pollination";1,33967926432657
"Cynodon dactylon01";"Argyle Square";"Lophostemon confertus";"Fitzroy-Treasury Gardens";"Pollination";4,91177750364472
"Cynodon dactylon01";"Argyle Square";"Lophostemon confertus";"Princes Park";"Pollination";2,49365481664237
"Cynodon dactylon01";"Argyle Square";"Mentha pulegium";"Argyle Square";"Pollination";3
"Cynodon dactylon01";"Argyle Square";"Plectranthus argentatus";"Fitzroy-Treasury Gardens";"Pollination";4,91177750364472
"Cynodon dactylon01";"Argyle Square";"Rosmarinus officinalis";"Argyle Square";"Pollination";3
"Cynodon dactylon01";"Argyle Square";"Rosmarinus officinalis";"Women's Peace Gardens";"Pollination";1,33967926432657
"Cynodon dactylon01";"Argyle Square";"Salvia leucantha";"Carlton Gardens South";"Pollination";7,71302755037195
"Cynodon dactylon01";"Argyle Square";"Stachys byzantina";"Carlton Gardens South";"Pollination";3,85651377518597
"Cynodon dactylon01";"Argyle Square";"Trachelospermum jasminoides";"Lincoln Square";"Pollination";0,988629957758588
"Cynodon dactylon04";"Carlton Gardens South";"Corymbia maculata";"Royal Park";"Pollination";0,755393069417966
"Cynodon dactylon04";"Carlton Gardens South";"Cynodon dactylon04";"Carlton Gardens South";"Pollination";1
"Cynodon dactylon04";"Carlton Gardens South";"Cynodon dactylon16";"Murchinson Square";"Pollination";0,931468730140929
"Cynodon dactylon04";"Carlton Gardens South";"Duma florulenta";"Westgate Park";"Pollination";0,171887406078277
"Cynodon dactylon04";"Carlton Gardens South";"Schinus molle";"Women's Peace Gardens";"Pollination";0,380234009943553
"Cynodon dactylon04";"Carlton Gardens South";"Westringia fruticosa";"State Library of Victoria";"Pollination";0,940014205076446
"Cynodon dactylon16";"Murchinson Square";"Corymbia maculata";"Royal Park";"Pollination";0,78300624275728
"Cynodon dactylon16";"Murchinson Square";"Cynodon dactylon04";"Carlton Gardens South";"Pollination";0,931468730140929
"Cynodon dactylon16";"Murchinson Square";"Cynodon dactylon16";"Murchinson Square";"Pollination";1
"Cynodon dactylon16";"Murchinson Square";"Duma florulenta";"Westgate Park";"Pollination";0,0766909648237449
"Cynodon dactylon16";"Murchinson Square";"Schinus molle";"Women's Peace Gardens";"Pollination";0,363578183993122
"Cynodon dactylon16";"Murchinson Square";"Westringia fruticosa";"State Library of Victoria";"Pollination";0,825770999214983
"Cynodon dactylon20";"Princes Park";"Abelia grandiflora";"Fitzroy-Treasury Gardens";"Pollination";3,80486710777167
"Cynodon dactylon20";"Princes Park";"Agapanthus praecox";"Carlton Gardens South";"Pollination";3,06849388807895
"Cynodon dactylon20";"Princes Park";"Agapanthus praecox";"Fitzroy-Treasury Gardens";"Pollination";3,80486710777167
"Cynodon dactylon20";"Princes Park";"Calodendrum capense ";"Royal Park";"Pollination";3
"Cynodon dactylon20";"Princes Park";"Canna generalis";"Fitzroy-Treasury Gardens";"Pollination";1,90243355388584
"Cynodon dactylon20";"Princes Park";"Canna indica";"Carlton Gardens South";"Pollination";6,1369877761579
"Cynodon dactylon20";"Princes Park";"Cistus sp.";"Women's Peace Gardens";"Pollination";1,6714590108781
"Cynodon dactylon20";"Princes Park";"Corymbia maculata";"Royal Park";"Pollination";1,5
"Cynodon dactylon20";"Princes Park";"Cynodon dactylon01";"Argyle Square";"Pollination";2,49365481664237
"Cynodon dactylon20";"Princes Park";"Cynodon dactylon20";"Princes Park";"Pollination";3
"Cynodon dactylon20";"Princes Park";"Cynodon dactylon23";"Princes Park";"Pollination";3
"Cynodon dactylon20";"Princes Park";"Echium candicans";"Carlton Gardens South";"Pollination";6,1369877761579
"Cynodon dactylon20";"Princes Park";"Kunzea leptospermoides";"Westgate Park";"Pollination";0,110113266793765
"Cynodon dactylon20";"Princes Park";"Lavandula sp.";"Carlton Gardens South";"Pollination";6,1369877761579
"Cynodon dactylon20";"Princes Park";"Lavandula sp.";"Women's Peace Gardens";"Pollination";1,6714590108781
"Cynodon dactylon20";"Princes Park";"Lophostemon confertus";"Fitzroy-Treasury Gardens";"Pollination";3,80486710777167
"Cynodon dactylon20";"Princes Park";"Lophostemon confertus";"Princes Park";"Pollination";3
"Cynodon dactylon20";"Princes Park";"Mentha pulegium";"Argyle Square";"Pollination";2,49365481664237
"Cynodon dactylon20";"Princes Park";"Plectranthus argentatus";"Fitzroy-Treasury Gardens";"Pollination";3,80486710777167
"Cynodon dactylon20";"Princes Park";"Rosmarinus officinalis";"Argyle Square";"Pollination";2,49365481664237
"Cynodon dactylon20";"Princes Park";"Rosmarinus officinalis";"Women's Peace Gardens";"Pollination";1,6714590108781
"Cynodon dactylon20";"Princes Park";"Salvia leucantha";"Carlton Gardens South";"Pollination";6,1369877761579
"Cynodon dactylon20";"Princes Park";"Stachys byzantina";"Carlton Gardens South";"Pollination";3,06849388807895
"Cynodon dactylon20";"Princes Park";"Trachelospermum jasminoides";"Lincoln Square";"Pollination";0,843829389555531
"Cynodon dactylon23";"Princes Park";"Abelia grandiflora";"Fitzroy-Treasury Gardens";"Pollination";3,80486710777167
"Cynodon dactylon23";"Princes Park";"Agapanthus praecox";"Carlton Gardens South";"Pollination";3,06849388807895
"Cynodon dactylon23";"Princes Park";"Agapanthus praecox";"Fitzroy-Treasury Gardens";"Pollination";3,80486710777167
"Cynodon dactylon23";"Princes Park";"Calodendrum capense ";"Royal Park";"Pollination";3
"Cynodon dactylon23";"Princes Park";"Canna generalis";"Fitzroy-Treasury Gardens";"Pollination";1,90243355388584
"Cynodon dactylon23";"Princes Park";"Canna indica";"Carlton Gardens South";"Pollination";6,1369877761579
"Cynodon dactylon23";"Princes Park";"Cistus sp.";"Women's Peace Gardens";"Pollination";1,6714590108781
"Cynodon dactylon23";"Princes Park";"Corymbia maculata";"Royal Park";"Pollination";1,5
"Cynodon dactylon23";"Princes Park";"Cynodon dactylon01";"Argyle Square";"Pollination";2,49365481664237
"Cynodon dactylon23";"Princes Park";"Cynodon dactylon20";"Princes Park";"Pollination";3
"Cynodon dactylon23";"Princes Park";"Cynodon dactylon23";"Princes Park";"Pollination";3
"Cynodon dactylon23";"Princes Park";"Echium candicans";"Carlton Gardens South";"Pollination";6,1369877761579
"Cynodon dactylon23";"Princes Park";"Kunzea leptospermoides";"Westgate Park";"Pollination";0,110113266793765
"Cynodon dactylon23";"Princes Park";"Lavandula sp.";"Carlton Gardens South";"Pollination";6,1369877761579
"Cynodon dactylon23";"Princes Park";"Lavandula sp.";"Women's Peace Gardens";"Pollination";1,6714590108781
"Cynodon dactylon23";"Princes Park";"Lophostemon confertus";"Fitzroy-Treasury Gardens";"Pollination";3,80486710777167
"Cynodon dactylon23";"Princes Park";"Lophostemon confertus";"Princes Park";"Pollination";3
"Cynodon dactylon23";"Princes Park";"Mentha pulegium";"Argyle Square";"Pollination";2,49365481664237
"Cynodon dactylon23";"Princes Park";"Plectranthus argentatus";"Fitzroy-Treasury Gardens";"Pollination";3,80486710777167
"Cynodon dactylon23";"Princes Park";"Rosmarinus officinalis";"Argyle Square";"Pollination";2,49365481664237
"Cynodon dactylon23";"Princes Park";"Rosmarinus officinalis";"Women's Peace Gardens";"Pollination";1,6714590108781
"Cynodon dactylon23";"Princes Park";"Salvia leucantha";"Carlton Gardens South";"Pollination";6,1369877761579
"Cynodon dactylon23";"Princes Park";"Stachys byzantina";"Carlton Gardens South";"Pollination";3,06849388807895
"Cynodon dactylon23";"Princes Park";"Trachelospermum jasminoides";"Lincoln Square";"Pollination";0,843829389555531
"Dietes sp.";"Women's Peace Gardens";"Dietes sp.";"Women's Peace Gardens";"Pollination";1
"Dietes sp.";"Women's Peace Gardens";"Poa labillardierei";"Royal Park";"Pollination";0,775172516915255
"Dietes sp.";"Women's Peace Gardens";"Schinus molle";"Canning/Neil Street Reserve";"Pollination";0,365457739897574
"Duma florulenta";"Westgate Park";"Corymbia maculata";"Royal Park";"Pollination";0,249980935292139
"Duma florulenta";"Westgate Park";"Cynodon dactylon04";"Carlton Gardens South";"Pollination";0,171887406078277
"Duma florulenta";"Westgate Park";"Cynodon dactylon16";"Murchinson Square";"Pollination";0,0766909648237449
"Duma florulenta";"Westgate Park";"Duma florulenta";"Westgate Park";"Pollination";1
"Duma florulenta";"Westgate Park";"Schinus molle";"Women's Peace Gardens";"Pollination";0,367551119584315
"Duma florulenta";"Westgate Park";"Westringia fruticosa";"State Library of Victoria";"Pollination";0,250798848641172
"Echium candicans";"Carlton Gardens South";"Abelia grandiflora";"Fitzroy-Treasury Gardens";"Pollination";5,5883548278569
"Echium candicans";"Carlton Gardens South";"Agapanthus praecox";"Carlton Gardens South";"Pollination";4
"Echium candicans";"Carlton Gardens South";"Agapanthus praecox";"Fitzroy-Treasury Gardens";"Pollination";5,5883548278569
"Echium candicans";"Carlton Gardens South";"Calodendrum capense ";"Royal Park";"Pollination";2,2661792082539
"Echium candicans";"Carlton Gardens South";"Canna generalis";"Fitzroy-Treasury Gardens";"Pollination";2,79417741392845
"Echium candicans";"Carlton Gardens South";"Canna indica";"Carlton Gardens South";"Pollination";8
"Echium candicans";"Carlton Gardens South";"Cistus sp.";"Women's Peace Gardens";"Pollination";1,14070202983066
"Echium candicans";"Carlton Gardens South";"Corymbia maculata";"Royal Park";"Pollination";1,13308960412695
"Echium candicans";"Carlton Gardens South";"Cynodon dactylon01";"Argyle Square";"Pollination";2,89238533138948
"Echium candicans";"Carlton Gardens South";"Cynodon dactylon20";"Princes Park";"Pollination";2,30137041605921
"Echium candicans";"Carlton Gardens South";"Cynodon dactylon23";"Princes Park";"Pollination";2,30137041605921
"Echium candicans";"Carlton Gardens South";"Echium candicans";"Carlton Gardens South";"Pollination";8
"Echium candicans";"Carlton Gardens South";"Kunzea leptospermoides";"Westgate Park";"Pollination";0,171887406078277
"Echium candicans";"Carlton Gardens South";"Lavandula sp.";"Carlton Gardens South";"Pollination";8
"Echium candicans";"Carlton Gardens South";"Lavandula sp.";"Women's Peace Gardens";"Pollination";1,14070202983066
"Echium candicans";"Carlton Gardens South";"Lophostemon confertus";"Fitzroy-Treasury Gardens";"Pollination";5,5883548278569
"Echium candicans";"Carlton Gardens South";"Lophostemon confertus";"Princes Park";"Pollination";2,30137041605921
"Echium candicans";"Carlton Gardens South";"Mentha pulegium";"Argyle Square";"Pollination";2,89238533138948
"Echium candicans";"Carlton Gardens South";"Plectranthus argentatus";"Fitzroy-Treasury Gardens";"Pollination";5,5883548278569
"Echium candicans";"Carlton Gardens South";"Rosmarinus officinalis";"Argyle Square";"Pollination";2,89238533138948
"Echium candicans";"Carlton Gardens South";"Rosmarinus officinalis";"Women's Peace Gardens";"Pollination";1,14070202983066
"Echium candicans";"Carlton Gardens South";"Salvia leucantha";"Carlton Gardens South";"Pollination";8
"Echium candicans";"Carlton Gardens South";"Stachys byzantina";"Carlton Gardens South";"Pollination";4
"Echium candicans";"Carlton Gardens South";"Trachelospermum jasminoides";"Lincoln Square";"Pollination";0,927006840865762
"Ficus macrophylla";"Fitzroy-Treasury Gardens";"Carex flagellifera";"Fitzroy-Treasury Gardens";"Pollination";3
"Ficus macrophylla";"Fitzroy-Treasury Gardens";"Ficus macrophylla";"Fitzroy-Treasury Gardens";"Pollination";3
"Ficus macrophylla";"Fitzroy-Treasury Gardens";"Ficus macrophylla";"Lincoln Square";"Pollination";0,785464468617996
"Ficus macrophylla";"Fitzroy-Treasury Gardens";"Nandina domestica";"Fitzroy-Treasury Gardens";"Pollination";3
"Ficus macrophylla";"Lincoln Square";"Carex flagellifera";"Fitzroy-Treasury Gardens";"Pollination";2,35639340585399
"Ficus macrophylla";"Lincoln Square";"Ficus macrophylla";"Fitzroy-Treasury Gardens";"Pollination";2,35639340585399
"Ficus macrophylla";"Lincoln Square";"Ficus macrophylla";"Lincoln Square";"Pollination";1
"Ficus macrophylla";"Lincoln Square";"Nandina domestica";"Fitzroy-Treasury Gardens";"Pollination";2,35639340585399
"Goodenia ovata";"Royal Park";"Goodenia ovata";"Royal Park";"Pollination";1
"Kunzea leptospermoides";"Westgate Park";"Abelia grandiflora";"Fitzroy-Treasury Gardens";"Pollination";0,883516877873725
"Kunzea leptospermoides";"Westgate Park";"Agapanthus praecox";"Carlton Gardens South";"Pollination";0,68754962431311
"Kunzea leptospermoides";"Westgate Park";"Agapanthus praecox";"Fitzroy-Treasury Gardens";"Pollination";0,883516877873725
"Kunzea leptospermoides";"Westgate Park";"Calodendrum capense ";"Royal Park";"Pollination";0,749942805876416
"Kunzea leptospermoides";"Westgate Park";"Canna generalis";"Fitzroy-Treasury Gardens";"Pollination";0,441758438936862
"Kunzea leptospermoides";"Westgate Park";"Canna indica";"Carlton Gardens South";"Pollination";1,37509924862622
"Kunzea leptospermoides";"Westgate Park";"Cistus sp.";"Women's Peace Gardens";"Pollination";1,10265335875294
"Kunzea leptospermoides";"Westgate Park";"Corymbia maculata";"Royal Park";"Pollination";0,374971402938208
"Kunzea leptospermoides";"Westgate Park";"Cynodon dactylon01";"Argyle Square";"Pollination";0,555653246607603
"Kunzea leptospermoides";"Westgate Park";"Cynodon dactylon20";"Princes Park";"Pollination";0,330339800381294
"Kunzea leptospermoides";"Westgate Park";"Cynodon dactylon23";"Princes Park";"Pollination";0,330339800381294
"Kunzea leptospermoides";"Westgate Park";"Echium candicans";"Carlton Gardens South";"Pollination";1,37509924862622
"Kunzea leptospermoides";"Westgate Park";"Kunzea leptospermoides";"Westgate Park";"Pollination";1
"Kunzea leptospermoides";"Westgate Park";"Lavandula sp.";"Carlton Gardens South";"Pollination";1,37509924862622
"Kunzea leptospermoides";"Westgate Park";"Lavandula sp.";"Women's Peace Gardens";"Pollination";1,10265335875294
"Kunzea leptospermoides";"Westgate Park";"Lophostemon confertus";"Fitzroy-Treasury Gardens";"Pollination";0,883516877873725
"Kunzea leptospermoides";"Westgate Park";"Lophostemon confertus";"Princes Park";"Pollination";0,330339800381294
"Kunzea leptospermoides";"Westgate Park";"Mentha pulegium";"Argyle Square";"Pollination";0,555653246607603
"Kunzea leptospermoides";"Westgate Park";"Plectranthus argentatus";"Fitzroy-Treasury Gardens";"Pollination";0,883516877873725
"Kunzea leptospermoides";"Westgate Park";"Rosmarinus officinalis";"Argyle Square";"Pollination";0,555653246607603
"Kunzea leptospermoides";"Westgate Park";"Rosmarinus officinalis";"Women's Peace Gardens";"Pollination";1,10265335875294
"Kunzea leptospermoides";"Westgate Park";"Salvia leucantha";"Carlton Gardens South";"Pollination";1,37509924862622
"Kunzea leptospermoides";"Westgate Park";"Stachys byzantina";"Carlton Gardens South";"Pollination";0,68754962431311
"Kunzea leptospermoides";"Westgate Park";"Trachelospermum jasminoides";"Lincoln Square";"Pollination";0,215193450712123
"Lavandula sp.";"Carlton Gardens South";"Abelia grandiflora";"Fitzroy-Treasury Gardens";"Pollination";5,5883548278569
"Lavandula sp.";"Carlton Gardens South";"Agapanthus praecox";"Carlton Gardens South";"Pollination";4
"Lavandula sp.";"Carlton Gardens South";"Agapanthus praecox";"Fitzroy-Treasury Gardens";"Pollination";5,5883548278569
"Lavandula sp.";"Carlton Gardens South";"Calodendrum capense ";"Royal Park";"Pollination";2,2661792082539
"Lavandula sp.";"Carlton Gardens South";"Canna generalis";"Fitzroy-Treasury Gardens";"Pollination";2,79417741392845
"Lavandula sp.";"Carlton Gardens South";"Canna indica";"Carlton Gardens South";"Pollination";8
"Lavandula sp.";"Carlton Gardens South";"Cistus sp.";"Women's Peace Gardens";"Pollination";1,14070202983066
"Lavandula sp.";"Carlton Gardens South";"Corymbia maculata";"Royal Park";"Pollination";1,13308960412695
"Lavandula sp.";"Carlton Gardens South";"Cynodon dactylon01";"Argyle Square";"Pollination";2,89238533138948
"Lavandula sp.";"Carlton Gardens South";"Cynodon dactylon20";"Princes Park";"Pollination";2,30137041605921
"Lavandula sp.";"Carlton Gardens South";"Cynodon dactylon23";"Princes Park";"Pollination";2,30137041605921
"Lavandula sp.";"Carlton Gardens South";"Echium candicans";"Carlton Gardens South";"Pollination";8
"Lavandula sp.";"Carlton Gardens South";"Kunzea leptospermoides";"Westgate Park";"Pollination";0,171887406078277
"Lavandula sp.";"Carlton Gardens South";"Lavandula sp.";"Carlton Gardens South";"Pollination";8
"Lavandula sp.";"Carlton Gardens South";"Lavandula sp.";"Women's Peace Gardens";"Pollination";1,14070202983066
"Lavandula sp.";"Carlton Gardens South";"Lophostemon confertus";"Fitzroy-Treasury Gardens";"Pollination";5,5883548278569
"Lavandula sp.";"Carlton Gardens South";"Lophostemon confertus";"Princes Park";"Pollination";2,30137041605921
"Lavandula sp.";"Carlton Gardens South";"Mentha pulegium";"Argyle Square";"Pollination";2,89238533138948
"Lavandula sp.";"Carlton Gardens South";"Plectranthus argentatus";"Fitzroy-Treasury Gardens";"Pollination";5,5883548278569
"Lavandula sp.";"Carlton Gardens South";"Rosmarinus officinalis";"Argyle Square";"Pollination";2,89238533138948
"Lavandula sp.";"Carlton Gardens South";"Rosmarinus officinalis";"Women's Peace Gardens";"Pollination";1,14070202983066
"Lavandula sp.";"Carlton Gardens South";"Salvia leucantha";"Carlton Gardens South";"Pollination";8
"Lavandula sp.";"Carlton Gardens South";"Stachys byzantina";"Carlton Gardens South";"Pollination";4
"Lavandula sp.";"Carlton Gardens South";"Trachelospermum jasminoides";"Lincoln Square";"Pollination";0,927006840865762
"Lavandula sp.";"Women's Peace Gardens";"Abelia grandiflora";"Fitzroy-Treasury Gardens";"Pollination";1,5562722888864
"Lavandula sp.";"Women's Peace Gardens";"Agapanthus praecox";"Carlton Gardens South";"Pollination";1,52093603977421
"Lavandula sp.";"Women's Peace Gardens";"Agapanthus praecox";"Fitzroy-Treasury Gardens";"Pollination";1,5562722888864
"Lavandula sp.";"Women's Peace Gardens";"Calodendrum capense ";"Royal Park";"Pollination";2,32551755074577
"Lavandula sp.";"Women's Peace Gardens";"Canna generalis";"Fitzroy-Treasury Gardens";"Pollination";0,778136144443198
"Lavandula sp.";"Women's Peace Gardens";"Canna indica";"Carlton Gardens South";"Pollination";3,04187207954843
"Lavandula sp.";"Women's Peace Gardens";"Cistus sp.";"Women's Peace Gardens";"Pollination";3
"Lavandula sp.";"Women's Peace Gardens";"Corymbia maculata";"Royal Park";"Pollination";1,16275877537288
"Lavandula sp.";"Women's Peace Gardens";"Cynodon dactylon01";"Argyle Square";"Pollination";1,33967926432657
"Lavandula sp.";"Women's Peace Gardens";"Cynodon dactylon20";"Princes Park";"Pollination";1,6714590108781
"Lavandula sp.";"Women's Peace Gardens";"Cynodon dactylon23";"Princes Park";"Pollination";1,6714590108781
"Lavandula sp.";"Women's Peace Gardens";"Echium candicans";"Carlton Gardens South";"Pollination";3,04187207954843
"Lavandula sp.";"Women's Peace Gardens";"Kunzea leptospermoides";"Westgate Park";"Pollination";0,367551119584315
"Lavandula sp.";"Women's Peace Gardens";"Lavandula sp.";"Carlton Gardens South";"Pollination";3,04187207954843
"Lavandula sp.";"Women's Peace Gardens";"Lavandula sp.";"Women's Peace Gardens";"Pollination";3
"Lavandula sp.";"Women's Peace Gardens";"Lophostemon confertus";"Fitzroy-Treasury Gardens";"Pollination";1,5562722888864
"Lavandula sp.";"Women's Peace Gardens";"Lophostemon confertus";"Princes Park";"Pollination";1,6714590108781
"Lavandula sp.";"Women's Peace Gardens";"Mentha pulegium";"Argyle Square";"Pollination";1,33967926432657
"Lavandula sp.";"Women's Peace Gardens";"Plectranthus argentatus";"Fitzroy-Treasury Gardens";"Pollination";1,5562722888864
"Lavandula sp.";"Women's Peace Gardens";"Rosmarinus officinalis";"Argyle Square";"Pollination";1,33967926432657
"Lavandula sp.";"Women's Peace Gardens";"Rosmarinus officinalis";"Women's Peace Gardens";"Pollination";3
"Lavandula sp.";"Women's Peace Gardens";"Salvia leucantha";"Carlton Gardens South";"Pollination";3,04187207954843
"Lavandula sp.";"Women's Peace Gardens";"Stachys byzantina";"Carlton Gardens South";"Pollination";1,52093603977421
"Lavandula sp.";"Women's Peace Gardens";"Trachelospermum jasminoides";"Lincoln Square";"Pollination";0,485040559231431
"Lomandra longifolia";"Royal Park";"Asparagus aethiopicus";"Fitzroy-Treasury Gardens";"Pollination";0,615516429292363
"Lomandra longifolia";"Royal Park";"Lomandra longifolia";"Royal Park";"Pollination";3
"Lomandra longifolia";"Royal Park";"Poa labillardierei";"Royal Park";"Pollination";3
"Lomandra longifolia";"Royal Park";"Rytidosperma sp.";"Westgate Park";"Pollination";0,374971402938208
"Lomandra longifolia";"Royal Park";"Schinus molle";"Pleasance Gardens";"Pollination";0,960237748121566
"Lomandra longifolia";"Royal Park";"Themeda triandra";"Royal Park";"Pollination";3
"Lomandra longifolia";"Royal Park";"Themeda triandra";"Westgate Park";"Pollination";0,749942805876416
"Lophostemon confertus";"Fitzroy-Treasury Gardens";"Abelia grandiflora";"Fitzroy-Treasury Gardens";"Pollination";6
"Lophostemon confertus";"Fitzroy-Treasury Gardens";"Agapanthus praecox";"Carlton Gardens South";"Pollination";3,72556988523794
"Lophostemon confertus";"Fitzroy-Treasury Gardens";"Agapanthus praecox";"Fitzroy-Treasury Gardens";"Pollination";6
"Lophostemon confertus";"Fitzroy-Treasury Gardens";"Calodendrum capense ";"Royal Park";"Pollination";1,84654928787709
"Lophostemon confertus";"Fitzroy-Treasury Gardens";"Canna generalis";"Fitzroy-Treasury Gardens";"Pollination";3
"Lophostemon confertus";"Fitzroy-Treasury Gardens";"Canna indica";"Carlton Gardens South";"Pollination";7,45113977047587
"Lophostemon confertus";"Fitzroy-Treasury Gardens";"Cistus sp.";"Women's Peace Gardens";"Pollination";0,778136144443198
"Lophostemon confertus";"Fitzroy-Treasury Gardens";"Corymbia maculata";"Royal Park";"Pollination";0,923274643938544
"Lophostemon confertus";"Fitzroy-Treasury Gardens";"Cynodon dactylon01";"Argyle Square";"Pollination";2,45588875182236
"Lophostemon confertus";"Fitzroy-Treasury Gardens";"Cynodon dactylon20";"Princes Park";"Pollination";1,90243355388584
"Lophostemon confertus";"Fitzroy-Treasury Gardens";"Cynodon dactylon23";"Princes Park";"Pollination";1,90243355388584
"Lophostemon confertus";"Fitzroy-Treasury Gardens";"Echium candicans";"Carlton Gardens South";"Pollination";7,45113977047587
"Lophostemon confertus";"Fitzroy-Treasury Gardens";"Kunzea leptospermoides";"Westgate Park";"Pollination";0,147252812978954
"Lophostemon confertus";"Fitzroy-Treasury Gardens";"Lavandula sp.";"Carlton Gardens South";"Pollination";7,45113977047587
"Lophostemon confertus";"Fitzroy-Treasury Gardens";"Lavandula sp.";"Women's Peace Gardens";"Pollination";0,778136144443198
"Lophostemon confertus";"Fitzroy-Treasury Gardens";"Lophostemon confertus";"Fitzroy-Treasury Gardens";"Pollination";6
"Lophostemon confertus";"Fitzroy-Treasury Gardens";"Lophostemon confertus";"Princes Park";"Pollination";1,90243355388584
"Lophostemon confertus";"Fitzroy-Treasury Gardens";"Mentha pulegium";"Argyle Square";"Pollination";2,45588875182236
"Lophostemon confertus";"Fitzroy-Treasury Gardens";"Plectranthus argentatus";"Fitzroy-Treasury Gardens";"Pollination";6
"Lophostemon confertus";"Fitzroy-Treasury Gardens";"Rosmarinus officinalis";"Argyle Square";"Pollination";2,45588875182236
"Lophostemon confertus";"Fitzroy-Treasury Gardens";"Rosmarinus officinalis";"Women's Peace Gardens";"Pollination";0,778136144443198
"Lophostemon confertus";"Fitzroy-Treasury Gardens";"Salvia leucantha";"Carlton Gardens South";"Pollination";7,45113977047587
"Lophostemon confertus";"Fitzroy-Treasury Gardens";"Stachys byzantina";"Carlton Gardens South";"Pollination";3,72556988523794
"Lophostemon confertus";"Fitzroy-Treasury Gardens";"Trachelospermum jasminoides";"Lincoln Square";"Pollination";0,785464468617996
"Lophostemon confertus";"Princes Park";"Abelia grandiflora";"Fitzroy-Treasury Gardens";"Pollination";3,80486710777167
"Lophostemon confertus";"Princes Park";"Agapanthus praecox";"Carlton Gardens South";"Pollination";3,06849388807895
"Lophostemon confertus";"Princes Park";"Agapanthus praecox";"Fitzroy-Treasury Gardens";"Pollination";3,80486710777167
"Lophostemon confertus";"Princes Park";"Calodendrum capense ";"Royal Park";"Pollination";3
"Lophostemon confertus";"Princes Park";"Canna generalis";"Fitzroy-Treasury Gardens";"Pollination";1,90243355388584
"Lophostemon confertus";"Princes Park";"Canna indica";"Carlton Gardens South";"Pollination";6,1369877761579
"Lophostemon confertus";"Princes Park";"Cistus sp.";"Women's Peace Gardens";"Pollination";1,6714590108781
"Lophostemon confertus";"Princes Park";"Corymbia maculata";"Royal Park";"Pollination";1,5
"Lophostemon confertus";"Princes Park";"Cynodon dactylon01";"Argyle Square";"Pollination";2,49365481664237
"Lophostemon confertus";"Princes Park";"Cynodon dactylon20";"Princes Park";"Pollination";3
"Lophostemon confertus";"Princes Park";"Cynodon dactylon23";"Princes Park";"Pollination";3
"Lophostemon confertus";"Princes Park";"Echium candicans";"Carlton Gardens South";"Pollination";6,1369877761579
"Lophostemon confertus";"Princes Park";"Kunzea leptospermoides";"Westgate Park";"Pollination";0,110113266793765
"Lophostemon confertus";"Princes Park";"Lavandula sp.";"Carlton Gardens South";"Pollination";6,1369877761579
"Lophostemon confertus";"Princes Park";"Lavandula sp.";"Women's Peace Gardens";"Pollination";1,6714590108781
"Lophostemon confertus";"Princes Park";"Lophostemon confertus";"Fitzroy-Treasury Gardens";"Pollination";3,80486710777167
"Lophostemon confertus";"Princes Park";"Lophostemon confertus";"Princes Park";"Pollination";3
"Lophostemon confertus";"Princes Park";"Mentha pulegium";"Argyle Square";"Pollination";2,49365481664237
"Lophostemon confertus";"Princes Park";"Plectranthus argentatus";"Fitzroy-Treasury Gardens";"Pollination";3,80486710777167
"Lophostemon confertus";"Princes Park";"Rosmarinus officinalis";"Argyle Square";"Pollination";2,49365481664237
"Lophostemon confertus";"Princes Park";"Rosmarinus officinalis";"Women's Peace Gardens";"Pollination";1,6714590108781
"Lophostemon confertus";"Princes Park";"Salvia leucantha";"Carlton Gardens South";"Pollination";6,1369877761579
"Lophostemon confertus";"Princes Park";"Stachys byzantina";"Carlton Gardens South";"Pollination";3,06849388807895
"Lophostemon confertus";"Princes Park";"Trachelospermum jasminoides";"Lincoln Square";"Pollination";0,843829389555531
"Mentha pulegium";"Argyle Square";"Abelia grandiflora";"Fitzroy-Treasury Gardens";"Pollination";4,91177750364472
"Mentha pulegium";"Argyle Square";"Agapanthus praecox";"Carlton Gardens South";"Pollination";3,85651377518597
"Mentha pulegium";"Argyle Square";"Agapanthus praecox";"Fitzroy-Treasury Gardens";"Pollination";4,91177750364472
"Mentha pulegium";"Argyle Square";"Calodendrum capense ";"Royal Park";"Pollination";2,47395760906134
"Mentha pulegium";"Argyle Square";"Canna generalis";"Fitzroy-Treasury Gardens";"Pollination";2,45588875182236
"Mentha pulegium";"Argyle Square";"Canna indica";"Carlton Gardens South";"Pollination";7,71302755037195
"Mentha pulegium";"Argyle Square";"Cistus sp.";"Women's Peace Gardens";"Pollination";1,33967926432657
"Mentha pulegium";"Argyle Square";"Corymbia maculata";"Royal Park";"Pollination";1,23697880453067
"Mentha pulegium";"Argyle Square";"Cynodon dactylon01";"Argyle Square";"Pollination";3
"Mentha pulegium";"Argyle Square";"Cynodon dactylon20";"Princes Park";"Pollination";2,49365481664237
"Mentha pulegium";"Argyle Square";"Cynodon dactylon23";"Princes Park";"Pollination";2,49365481664237
"Mentha pulegium";"Argyle Square";"Echium candicans";"Carlton Gardens South";"Pollination";7,71302755037195
"Mentha pulegium";"Argyle Square";"Kunzea leptospermoides";"Westgate Park";"Pollination";0,185217748869201
"Mentha pulegium";"Argyle Square";"Lavandula sp.";"Carlton Gardens South";"Pollination";7,71302755037195
"Mentha pulegium";"Argyle Square";"Lavandula sp.";"Women's Peace Gardens";"Pollination";1,33967926432657
"Mentha pulegium";"Argyle Square";"Lophostemon confertus";"Fitzroy-Treasury Gardens";"Pollination";4,91177750364472
"Mentha pulegium";"Argyle Square";"Lophostemon confertus";"Princes Park";"Pollination";2,49365481664237
"Mentha pulegium";"Argyle Square";"Mentha pulegium";"Argyle Square";"Pollination";3
"Mentha pulegium";"Argyle Square";"Plectranthus argentatus";"Fitzroy-Treasury Gardens";"Pollination";4,91177750364472
"Mentha pulegium";"Argyle Square";"Rosmarinus officinalis";"Argyle Square";"Pollination";3
"Mentha pulegium";"Argyle Square";"Rosmarinus officinalis";"Women's Peace Gardens";"Pollination";1,33967926432657
"Mentha pulegium";"Argyle Square";"Salvia leucantha";"Carlton Gardens South";"Pollination";7,71302755037195
"Mentha pulegium";"Argyle Square";"Stachys byzantina";"Carlton Gardens South";"Pollination";3,85651377518597
"Mentha pulegium";"Argyle Square";"Trachelospermum jasminoides";"Lincoln Square";"Pollination";0,988629957758588
"Nandina domestica";"Fitzroy-Treasury Gardens";"Carex flagellifera";"Fitzroy-Treasury Gardens";"Pollination";3
"Nandina domestica";"Fitzroy-Treasury Gardens";"Ficus macrophylla";"Fitzroy-Treasury Gardens";"Pollination";3
"Nandina domestica";"Fitzroy-Treasury Gardens";"Ficus macrophylla";"Lincoln Square";"Pollination";0,785464468617996
"Nandina domestica";"Fitzroy-Treasury Gardens";"Nandina domestica";"Fitzroy-Treasury Gardens";"Pollination";3
"Plectranthus argentatus";"Fitzroy-Treasury Gardens";"Abelia grandiflora";"Fitzroy-Treasury Gardens";"Pollination";6
"Plectranthus argentatus";"Fitzroy-Treasury Gardens";"Agapanthus praecox";"Carlton Gardens South";"Pollination";3,72556988523794
"Plectranthus argentatus";"Fitzroy-Treasury Gardens";"Agapanthus praecox";"Fitzroy-Treasury Gardens";"Pollination";6
"Plectranthus argentatus";"Fitzroy-Treasury Gardens";"Calodendrum capense ";"Royal Park";"Pollination";1,84654928787709
"Plectranthus argentatus";"Fitzroy-Treasury Gardens";"Canna generalis";"Fitzroy-Treasury Gardens";"Pollination";3
"Plectranthus argentatus";"Fitzroy-Treasury Gardens";"Canna indica";"Carlton Gardens South";"Pollination";7,45113977047587
"Plectranthus argentatus";"Fitzroy-Treasury Gardens";"Cistus sp.";"Women's Peace Gardens";"Pollination";0,778136144443198
"Plectranthus argentatus";"Fitzroy-Treasury Gardens";"Corymbia maculata";"Royal Park";"Pollination";0,923274643938544
"Plectranthus argentatus";"Fitzroy-Treasury Gardens";"Cynodon dactylon01";"Argyle Square";"Pollination";2,45588875182236
"Plectranthus argentatus";"Fitzroy-Treasury Gardens";"Cynodon dactylon20";"Princes Park";"Pollination";1,90243355388584
"Plectranthus argentatus";"Fitzroy-Treasury Gardens";"Cynodon dactylon23";"Princes Park";"Pollination";1,90243355388584
"Plectranthus argentatus";"Fitzroy-Treasury Gardens";"Echium candicans";"Carlton Gardens South";"Pollination";7,45113977047587
"Plectranthus argentatus";"Fitzroy-Treasury Gardens";"Kunzea leptospermoides";"Westgate Park";"Pollination";0,147252812978954
"Plectranthus argentatus";"Fitzroy-Treasury Gardens";"Lavandula sp.";"Carlton Gardens South";"Pollination";7,45113977047587
"Plectranthus argentatus";"Fitzroy-Treasury Gardens";"Lavandula sp.";"Women's Peace Gardens";"Pollination";0,778136144443198
"Plectranthus argentatus";"Fitzroy-Treasury Gardens";"Lophostemon confertus";"Fitzroy-Treasury Gardens";"Pollination";6
"Plectranthus argentatus";"Fitzroy-Treasury Gardens";"Lophostemon confertus";"Princes Park";"Pollination";1,90243355388584
"Plectranthus argentatus";"Fitzroy-Treasury Gardens";"Mentha pulegium";"Argyle Square";"Pollination";2,45588875182236
"Plectranthus argentatus";"Fitzroy-Treasury Gardens";"Plectranthus argentatus";"Fitzroy-Treasury Gardens";"Pollination";6
"Plectranthus argentatus";"Fitzroy-Treasury Gardens";"Rosmarinus officinalis";"Argyle Square";"Pollination";2,45588875182236
"Plectranthus argentatus";"Fitzroy-Treasury Gardens";"Rosmarinus officinalis";"Women's Peace Gardens";"Pollination";0,778136144443198
"Plectranthus argentatus";"Fitzroy-Treasury Gardens";"Salvia leucantha";"Carlton Gardens South";"Pollination";7,45113977047587
"Plectranthus argentatus";"Fitzroy-Treasury Gardens";"Stachys byzantina";"Carlton Gardens South";"Pollination";3,72556988523794
"Plectranthus argentatus";"Fitzroy-Treasury Gardens";"Trachelospermum jasminoides";"Lincoln Square";"Pollination";0,785464468617996
"Poa labillardierei";"Royal Park";"Asparagus aethiopicus";"Fitzroy-Treasury Gardens";"Pollination";1,84654928787709
"Poa labillardierei";"Royal Park";"Dietes sp.";"Women's Peace Gardens";"Pollination";2,32551755074577
"Poa labillardierei";"Royal Park";"Lomandra longifolia";"Royal Park";"Pollination";9
"Poa labillardierei";"Royal Park";"Poa labillardierei";"Royal Park";"Pollination";15
"Poa labillardierei";"Royal Park";"Rytidosperma sp.";"Westgate Park";"Pollination";1,12491420881462
"Poa labillardierei";"Royal Park";"Schinus molle";"Canning/Neil Street Reserve";"Pollination";2,41932039923741
"Poa labillardierei";"Royal Park";"Schinus molle";"Pleasance Gardens";"Pollination";2,8807132443647
"Poa labillardierei";"Royal Park";"Themeda triandra";"Royal Park";"Pollination";9
"Poa labillardierei";"Royal Park";"Themeda triandra";"Westgate Park";"Pollination";2,24982841762925
"Rhagodia parabolica";"Royal Park";"Rhagodia parabolica";"Royal Park";"Pollination";1
"Rosmarinus officinalis";"Argyle Square";"Abelia grandiflora";"Fitzroy-Treasury Gardens";"Pollination";4,91177750364472
"Rosmarinus officinalis";"Argyle Square";"Agapanthus praecox";"Carlton Gardens South";"Pollination";3,85651377518597
"Rosmarinus officinalis";"Argyle Square";"Agapanthus praecox";"Fitzroy-Treasury Gardens";"Pollination";4,91177750364472
"Rosmarinus officinalis";"Argyle Square";"Calodendrum capense ";"Royal Park";"Pollination";2,47395760906134
"Rosmarinus officinalis";"Argyle Square";"Canna generalis";"Fitzroy-Treasury Gardens";"Pollination";2,45588875182236
"Rosmarinus officinalis";"Argyle Square";"Canna indica";"Carlton Gardens South";"Pollination";7,71302755037195
"Rosmarinus officinalis";"Argyle Square";"Cistus sp.";"Women's Peace Gardens";"Pollination";1,33967926432657
"Rosmarinus officinalis";"Argyle Square";"Corymbia maculata";"Royal Park";"Pollination";1,23697880453067
"Rosmarinus officinalis";"Argyle Square";"Cynodon dactylon01";"Argyle Square";"Pollination";3
"Rosmarinus officinalis";"Argyle Square";"Cynodon dactylon20";"Princes Park";"Pollination";2,49365481664237
"Rosmarinus officinalis";"Argyle Square";"Cynodon dactylon23";"Princes Park";"Pollination";2,49365481664237
"Rosmarinus officinalis";"Argyle Square";"Echium candicans";"Carlton Gardens South";"Pollination";7,71302755037195
"Rosmarinus officinalis";"Argyle Square";"Kunzea leptospermoides";"Westgate Park";"Pollination";0,185217748869201
"Rosmarinus officinalis";"Argyle Square";"Lavandula sp.";"Carlton Gardens South";"Pollination";7,71302755037195
"Rosmarinus officinalis";"Argyle Square";"Lavandula sp.";"Women's Peace Gardens";"Pollination";1,33967926432657
"Rosmarinus officinalis";"Argyle Square";"Lophostemon confertus";"Fitzroy-Treasury Gardens";"Pollination";4,91177750364472
"Rosmarinus officinalis";"Argyle Square";"Lophostemon confertus";"Princes Park";"Pollination";2,49365481664237
"Rosmarinus officinalis";"Argyle Square";"Mentha pulegium";"Argyle Square";"Pollination";3
"Rosmarinus officinalis";"Argyle Square";"Plectranthus argentatus";"Fitzroy-Treasury Gardens";"Pollination";4,91177750364472
"Rosmarinus officinalis";"Argyle Square";"Rosmarinus officinalis";"Argyle Square";"Pollination";3
"Rosmarinus officinalis";"Argyle Square";"Rosmarinus officinalis";"Women's Peace Gardens";"Pollination";1,33967926432657
"Rosmarinus officinalis";"Argyle Square";"Salvia leucantha";"Carlton Gardens South";"Pollination";7,71302755037195
"Rosmarinus officinalis";"Argyle Square";"Stachys byzantina";"Carlton Gardens South";"Pollination";3,85651377518597
"Rosmarinus officinalis";"Argyle Square";"Trachelospermum jasminoides";"Lincoln Square";"Pollination";0,988629957758588
"Rosmarinus officinalis";"Women's Peace Gardens";"Abelia grandiflora";"Fitzroy-Treasury Gardens";"Pollination";1,5562722888864
"Rosmarinus officinalis";"Women's Peace Gardens";"Agapanthus praecox";"Carlton Gardens South";"Pollination";1,52093603977421
"Rosmarinus officinalis";"Women's Peace Gardens";"Agapanthus praecox";"Fitzroy-Treasury Gardens";"Pollination";1,5562722888864
"Rosmarinus officinalis";"Women's Peace Gardens";"Calodendrum capense ";"Royal Park";"Pollination";2,32551755074577
"Rosmarinus officinalis";"Women's Peace Gardens";"Canna generalis";"Fitzroy-Treasury Gardens";"Pollination";0,778136144443198
"Rosmarinus officinalis";"Women's Peace Gardens";"Canna indica";"Carlton Gardens South";"Pollination";3,04187207954843
"Rosmarinus officinalis";"Women's Peace Gardens";"Cistus sp.";"Women's Peace Gardens";"Pollination";3
"Rosmarinus officinalis";"Women's Peace Gardens";"Corymbia maculata";"Royal Park";"Pollination";1,16275877537288
"Rosmarinus officinalis";"Women's Peace Gardens";"Cynodon dactylon01";"Argyle Square";"Pollination";1,33967926432657
"Rosmarinus officinalis";"Women's Peace Gardens";"Cynodon dactylon20";"Princes Park";"Pollination";1,6714590108781
"Rosmarinus officinalis";"Women's Peace Gardens";"Cynodon dactylon23";"Princes Park";"Pollination";1,6714590108781
"Rosmarinus officinalis";"Women's Peace Gardens";"Echium candicans";"Carlton Gardens South";"Pollination";3,04187207954843
"Rosmarinus officinalis";"Women's Peace Gardens";"Kunzea leptospermoides";"Westgate Park";"Pollination";0,367551119584315
"Rosmarinus officinalis";"Women's Peace Gardens";"Lavandula sp.";"Carlton Gardens South";"Pollination";3,04187207954843
"Rosmarinus officinalis";"Women's Peace Gardens";"Lavandula sp.";"Women's Peace Gardens";"Pollination";3
"Rosmarinus officinalis";"Women's Peace Gardens";"Lophostemon confertus";"Fitzroy-Treasury Gardens";"Pollination";1,5562722888864
"Rosmarinus officinalis";"Women's Peace Gardens";"Lophostemon confertus";"Princes Park";"Pollination";1,6714590108781
"Rosmarinus officinalis";"Women's Peace Gardens";"Mentha pulegium";"Argyle Square";"Pollination";1,33967926432657
"Rosmarinus officinalis";"Women's Peace Gardens";"Plectranthus argentatus";"Fitzroy-Treasury Gardens";"Pollination";1,5562722888864
"Rosmarinus officinalis";"Women's Peace Gardens";"Rosmarinus officinalis";"Argyle Square";"Pollination";1,33967926432657
"Rosmarinus officinalis";"Women's Peace Gardens";"Rosmarinus officinalis";"Women's Peace Gardens";"Pollination";3
"Rosmarinus officinalis";"Women's Peace Gardens";"Salvia leucantha";"Carlton Gardens South";"Pollination";3,04187207954843
"Rosmarinus officinalis";"Women's Peace Gardens";"Stachys byzantina";"Carlton Gardens South";"Pollination";1,52093603977421
"Rosmarinus officinalis";"Women's Peace Gardens";"Trachelospermum jasminoides";"Lincoln Square";"Pollination";0,485040559231431
"Rytidosperma sp.";"Westgate Park";"Asparagus aethiopicus";"Fitzroy-Treasury Gardens";"Pollination";0,220879219468431
"Rytidosperma sp.";"Westgate Park";"Lomandra longifolia";"Royal Park";"Pollination";1,12491420881462
"Rytidosperma sp.";"Westgate Park";"Poa labillardierei";"Royal Park";"Pollination";1,12491420881462
"Rytidosperma sp.";"Westgate Park";"Rytidosperma sp.";"Westgate Park";"Pollination";5,25
"Rytidosperma sp.";"Westgate Park";"Schinus molle";"Pleasance Gardens";"Pollination";0,467495794549736
"Rytidosperma sp.";"Westgate Park";"Themeda triandra";"Royal Park";"Pollination";1,12491420881462
"Rytidosperma sp.";"Westgate Park";"Themeda triandra";"Westgate Park";"Pollination";4,5
"Salvia leucantha";"Carlton Gardens South";"Abelia grandiflora";"Fitzroy-Treasury Gardens";"Pollination";5,5883548278569
"Salvia leucantha";"Carlton Gardens South";"Agapanthus praecox";"Carlton Gardens South";"Pollination";4
"Salvia leucantha";"Carlton Gardens South";"Agapanthus praecox";"Fitzroy-Treasury Gardens";"Pollination";5,5883548278569
"Salvia leucantha";"Carlton Gardens South";"Calodendrum capense ";"Royal Park";"Pollination";2,2661792082539
"Salvia leucantha";"Carlton Gardens South";"Canna generalis";"Fitzroy-Treasury Gardens";"Pollination";2,79417741392845
"Salvia leucantha";"Carlton Gardens South";"Canna indica";"Carlton Gardens South";"Pollination";8
"Salvia leucantha";"Carlton Gardens South";"Cistus sp.";"Women's Peace Gardens";"Pollination";1,14070202983066
"Salvia leucantha";"Carlton Gardens South";"Corymbia maculata";"Royal Park";"Pollination";1,13308960412695
"Salvia leucantha";"Carlton Gardens South";"Cynodon dactylon01";"Argyle Square";"Pollination";2,89238533138948
"Salvia leucantha";"Carlton Gardens South";"Cynodon dactylon20";"Princes Park";"Pollination";2,30137041605921
"Salvia leucantha";"Carlton Gardens South";"Cynodon dactylon23";"Princes Park";"Pollination";2,30137041605921
"Salvia leucantha";"Carlton Gardens South";"Echium candicans";"Carlton Gardens South";"Pollination";8
"Salvia leucantha";"Carlton Gardens South";"Kunzea leptospermoides";"Westgate Park";"Pollination";0,171887406078277
"Salvia leucantha";"Carlton Gardens South";"Lavandula sp.";"Carlton Gardens South";"Pollination";8
"Salvia leucantha";"Carlton Gardens South";"Lavandula sp.";"Women's Peace Gardens";"Pollination";1,14070202983066
"Salvia leucantha";"Carlton Gardens South";"Lophostemon confertus";"Fitzroy-Treasury Gardens";"Pollination";5,5883548278569
"Salvia leucantha";"Carlton Gardens South";"Lophostemon confertus";"Princes Park";"Pollination";2,30137041605921
"Salvia leucantha";"Carlton Gardens South";"Mentha pulegium";"Argyle Square";"Pollination";2,89238533138948
"Salvia leucantha";"Carlton Gardens South";"Plectranthus argentatus";"Fitzroy-Treasury Gardens";"Pollination";5,5883548278569
"Salvia leucantha";"Carlton Gardens South";"Rosmarinus officinalis";"Argyle Square";"Pollination";2,89238533138948
"Salvia leucantha";"Carlton Gardens South";"Rosmarinus officinalis";"Women's Peace Gardens";"Pollination";1,14070202983066
"Salvia leucantha";"Carlton Gardens South";"Salvia leucantha";"Carlton Gardens South";"Pollination";8
"Salvia leucantha";"Carlton Gardens South";"Stachys byzantina";"Carlton Gardens South";"Pollination";4
"Salvia leucantha";"Carlton Gardens South";"Trachelospermum jasminoides";"Lincoln Square";"Pollination";0,927006840865762
"Schinus molle";"Canning/Neil Street Reserve";"Dietes sp.";"Women's Peace Gardens";"Pollination";0,365457739897574
"Schinus molle";"Canning/Neil Street Reserve";"Poa labillardierei";"Royal Park";"Pollination";0,806440133079137
"Schinus molle";"Canning/Neil Street Reserve";"Schinus molle";"Canning/Neil Street Reserve";"Pollination";1
"Schinus molle";"Pleasance Gardens";"Asparagus aethiopicus";"Fitzroy-Treasury Gardens";"Pollination";1,09614743374079
"Schinus molle";"Pleasance Gardens";"Lomandra longifolia";"Royal Park";"Pollination";5,76142648872939
"Schinus molle";"Pleasance Gardens";"Poa labillardierei";"Royal Park";"Pollination";5,76142648872939
"Schinus molle";"Pleasance Gardens";"Rytidosperma sp.";"Westgate Park";"Pollination";0,934991589099473
"Schinus molle";"Pleasance Gardens";"Schinus molle";"Pleasance Gardens";"Pollination";4
"Schinus molle";"Pleasance Gardens";"Themeda triandra";"Royal Park";"Pollination";5,76142648872939
"Schinus molle";"Pleasance Gardens";"Themeda triandra";"Westgate Park";"Pollination";1,86998317819895
"Schinus molle";"Women's Peace Gardens";"Corymbia maculata";"Royal Park";"Pollination";0,775172516915255
"Schinus molle";"Women's Peace Gardens";"Cynodon dactylon04";"Carlton Gardens South";"Pollination";0,380234009943553
"Schinus molle";"Women's Peace Gardens";"Cynodon dactylon16";"Murchinson Square";"Pollination";0,363578183993122
"Schinus molle";"Women's Peace Gardens";"Duma florulenta";"Westgate Park";"Pollination";0,367551119584315
"Schinus molle";"Women's Peace Gardens";"Schinus molle";"Women's Peace Gardens";"Pollination";1
"Schinus molle";"Women's Peace Gardens";"Westringia fruticosa";"State Library of Victoria";"Pollination";0,409275167283466
"Stachys byzantina";"Carlton Gardens South";"Abelia grandiflora";"Fitzroy-Treasury Gardens";"Pollination";5,5883548278569
"Stachys byzantina";"Carlton Gardens South";"Agapanthus praecox";"Carlton Gardens South";"Pollination";4
"Stachys byzantina";"Carlton Gardens South";"Agapanthus praecox";"Fitzroy-Treasury Gardens";"Pollination";5,5883548278569
"Stachys byzantina";"Carlton Gardens South";"Calodendrum capense ";"Royal Park";"Pollination";2,2661792082539
"Stachys byzantina";"Carlton Gardens South";"Canna generalis";"Fitzroy-Treasury Gardens";"Pollination";2,79417741392845
"Stachys byzantina";"Carlton Gardens South";"Canna indica";"Carlton Gardens South";"Pollination";8
"Stachys byzantina";"Carlton Gardens South";"Cistus sp.";"Women's Peace Gardens";"Pollination";1,14070202983066
"Stachys byzantina";"Carlton Gardens South";"Corymbia maculata";"Royal Park";"Pollination";1,13308960412695
"Stachys byzantina";"Carlton Gardens South";"Cynodon dactylon01";"Argyle Square";"Pollination";2,89238533138948
"Stachys byzantina";"Carlton Gardens South";"Cynodon dactylon20";"Princes Park";"Pollination";2,30137041605921
"Stachys byzantina";"Carlton Gardens South";"Cynodon dactylon23";"Princes Park";"Pollination";2,30137041605921
"Stachys byzantina";"Carlton Gardens South";"Echium candicans";"Carlton Gardens South";"Pollination";8
"Stachys byzantina";"Carlton Gardens South";"Kunzea leptospermoides";"Westgate Park";"Pollination";0,171887406078277
"Stachys byzantina";"Carlton Gardens South";"Lavandula sp.";"Carlton Gardens South";"Pollination";8
"Stachys byzantina";"Carlton Gardens South";"Lavandula sp.";"Women's Peace Gardens";"Pollination";1,14070202983066
"Stachys byzantina";"Carlton Gardens South";"Lophostemon confertus";"Fitzroy-Treasury Gardens";"Pollination";5,5883548278569
"Stachys byzantina";"Carlton Gardens South";"Lophostemon confertus";"Princes Park";"Pollination";2,30137041605921
"Stachys byzantina";"Carlton Gardens South";"Mentha pulegium";"Argyle Square";"Pollination";2,89238533138948
"Stachys byzantina";"Carlton Gardens South";"Plectranthus argentatus";"Fitzroy-Treasury Gardens";"Pollination";5,5883548278569
"Stachys byzantina";"Carlton Gardens South";"Rosmarinus officinalis";"Argyle Square";"Pollination";2,89238533138948
"Stachys byzantina";"Carlton Gardens South";"Rosmarinus officinalis";"Women's Peace Gardens";"Pollination";1,14070202983066
"Stachys byzantina";"Carlton Gardens South";"Salvia leucantha";"Carlton Gardens South";"Pollination";8
"Stachys byzantina";"Carlton Gardens South";"Stachys byzantina";"Carlton Gardens South";"Pollination";4
"Stachys byzantina";"Carlton Gardens South";"Trachelospermum jasminoides";"Lincoln Square";"Pollination";0,927006840865762
"Strelitzia reginae";"Carlton Gardens South";"Strelitzia reginae";"Carlton Gardens South";"Pollination";4
"Themeda triandra";"Royal Park";"Asparagus aethiopicus";"Fitzroy-Treasury Gardens";"Pollination";1,23103285858473
"Themeda triandra";"Royal Park";"Lomandra longifolia";"Royal Park";"Pollination";6
"Themeda triandra";"Royal Park";"Poa labillardierei";"Royal Park";"Pollination";6
"Themeda triandra";"Royal Park";"Rytidosperma sp.";"Westgate Park";"Pollination";0,749942805876416
"Themeda triandra";"Royal Park";"Schinus molle";"Pleasance Gardens";"Pollination";1,92047549624313
"Themeda triandra";"Royal Park";"Themeda triandra";"Royal Park";"Pollination";8
"Themeda triandra";"Royal Park";"Themeda triandra";"Westgate Park";"Pollination";1,49988561175283
"Themeda triandra";"Westgate Park";"Asparagus aethiopicus";"Fitzroy-Treasury Gardens";"Pollination";0,147252812978954
"Themeda triandra";"Westgate Park";"Lomandra longifolia";"Royal Park";"Pollination";0,749942805876416
"Themeda triandra";"Westgate Park";"Poa labillardierei";"Royal Park";"Pollination";0,749942805876416
"Themeda triandra";"Westgate Park";"Rytidosperma sp.";"Westgate Park";"Pollination";1,5
"Themeda triandra";"Westgate Park";"Schinus molle";"Pleasance Gardens";"Pollination";0,311663863033158
"Themeda triandra";"Westgate Park";"Themeda triandra";"Royal Park";"Pollination";0,749942805876416
"Themeda triandra";"Westgate Park";"Themeda triandra";"Westgate Park";"Pollination";3
"Trachelospermum jasminoides";"Lincoln Square";"Abelia grandiflora";"Fitzroy-Treasury Gardens";"Pollination";4,71278681170797
"Trachelospermum jasminoides";"Lincoln Square";"Agapanthus praecox";"Carlton Gardens South";"Pollination";3,70802736346305
"Trachelospermum jasminoides";"Lincoln Square";"Agapanthus praecox";"Fitzroy-Treasury Gardens";"Pollination";4,71278681170797
"Trachelospermum jasminoides";"Lincoln Square";"Calodendrum capense ";"Royal Park";"Pollination";2,53839183581922
"Trachelospermum jasminoides";"Lincoln Square";"Canna generalis";"Fitzroy-Treasury Gardens";"Pollination";2,35639340585399
"Trachelospermum jasminoides";"Lincoln Square";"Canna indica";"Carlton Gardens South";"Pollination";7,4160547269261
"Trachelospermum jasminoides";"Lincoln Square";"Cistus sp.";"Women's Peace Gardens";"Pollination";1,45512167769429
"Trachelospermum jasminoides";"Lincoln Square";"Corymbia maculata";"Royal Park";"Pollination";1,26919591790961
"Trachelospermum jasminoides";"Lincoln Square";"Cynodon dactylon01";"Argyle Square";"Pollination";2,96588987327577
"Trachelospermum jasminoides";"Lincoln Square";"Cynodon dactylon20";"Princes Park";"Pollination";2,53148816866659
"Trachelospermum jasminoides";"Lincoln Square";"Cynodon dactylon23";"Princes Park";"Pollination";2,53148816866659
"Trachelospermum jasminoides";"Lincoln Square";"Echium candicans";"Carlton Gardens South";"Pollination";7,4160547269261
"Trachelospermum jasminoides";"Lincoln Square";"Kunzea leptospermoides";"Westgate Park";"Pollination";0,215193450712123
"Trachelospermum jasminoides";"Lincoln Square";"Lavandula sp.";"Carlton Gardens South";"Pollination";7,4160547269261
"Trachelospermum jasminoides";"Lincoln Square";"Lavandula sp.";"Women's Peace Gardens";"Pollination";1,45512167769429
"Trachelospermum jasminoides";"Lincoln Square";"Lophostemon confertus";"Fitzroy-Treasury Gardens";"Pollination";4,71278681170797
"Trachelospermum jasminoides";"Lincoln Square";"Lophostemon confertus";"Princes Park";"Pollination";2,53148816866659
"Trachelospermum jasminoides";"Lincoln Square";"Mentha pulegium";"Argyle Square";"Pollination";2,96588987327577
"Trachelospermum jasminoides";"Lincoln Square";"Plectranthus argentatus";"Fitzroy-Treasury Gardens";"Pollination";4,71278681170797
"Trachelospermum jasminoides";"Lincoln Square";"Rosmarinus officinalis";"Argyle Square";"Pollination";2,96588987327577
"Trachelospermum jasminoides";"Lincoln Square";"Rosmarinus officinalis";"Women's Peace Gardens";"Pollination";1,45512167769429
"Trachelospermum jasminoides";"Lincoln Square";"Salvia leucantha";"Carlton Gardens South";"Pollination";7,4160547269261
"Trachelospermum jasminoides";"Lincoln Square";"Stachys byzantina";"Carlton Gardens South";"Pollination";3,70802736346305
"Trachelospermum jasminoides";"Lincoln Square";"Trachelospermum jasminoides";"Lincoln Square";"Pollination";1
"Westringia fruticosa";"State Library of Victoria";"Corymbia maculata";"Royal Park";"Pollination";0,730432507195993
"Westringia fruticosa";"State Library of Victoria";"Cynodon dactylon04";"Carlton Gardens South";"Pollination";0,940014205076446
"Westringia fruticosa";"State Library of Victoria";"Cynodon dactylon16";"Murchinson Square";"Pollination";0,825770999214983
"Westringia fruticosa";"State Library of Victoria";"Duma florulenta";"Westgate Park";"Pollination";0,250798848641172
"Westringia fruticosa";"State Library of Victoria";"Schinus molle";"Women's Peace Gardens";"Pollination";0,409275167283466
"Westringia fruticosa";"State Library of Victoria";"Westringia fruticosa";"State Library of Victoria";"Pollination";1
